,precision,recall,f1-score,support
human,0.9967298888162197,0.9864077669902913,0.9915419648666233,1545.0
amazon,0.9955156950672646,1.0,0.9977528089887641,1554.0
azure,0.9980404964075767,1.0,0.9990192873488067,1528.0
gTTS,0.9928104575163399,0.9967191601049868,0.9947609692206942,1524.0
accuracy,0.9957730450333279,0.9957730450333279,0.9957730450333279,0.9957730450333279
macro avg,0.9957741344518503,0.9957817317738196,0.9957687576062221,6151.0
weighted avg,0.9957776108147077,0.9957730450333279,0.9957661175497946,6151.0
